20260727T,7342.67,7342.67,7342.67,7342.67,0
20260804T,7500.00,7500.00,7500.00,7500.00,0
20260805T,7700.00,7700.00,7700.00,7700.00,0
20260806T,7680.00,7680.00,7680.00,7680.00,0
20260807T,7720.00,7720.00,7720.00,7720.00,0
20260808T,7650.00,7650.00,7650.00,7650.00,0
20260809T,7680.00,7680.00,7680.00,7680.00,0
20260812T,7690.00,7690.00,7690.00,7690.00,0
20260821T,7650.00,7650.00,7650.00,7650.00,0
20260822T,7650.00,7650.00,7650.00,7650.00,0
20260823T,7650.00,7650.00,7650.00,7650.00,0
20260824T,7640.00,7640.00,7640.00,7640.00,0
20260826T,7650.00,7650.00,7650.00,7650.00,0
20260827T,7640.00,7640.00,7640.00,7640.00,0
20260829T,7600.00,7600.00,7600.00,7600.00,0
20260830T,7700.00,7700.00,7700.00,7700.00,0
20260831T,7600.00,7600.00,7600.00,7600.00,0
20260902T,7590.00,7590.00,7590.00,7590.00,0
20260927T,7650.00,7650.00,7650.00,7650.00,0
20261003T,7600.00,7600.00,7600.00,7600.00,0
20261005T,7690.00,7690.00,7690.00,7690.00,0
