20260727T,7388.66,7388.66,7388.66,7388.66,0
20260804T,7481.90,7481.90,7481.90,7481.90,0
20260805T,7714.10,7714.10,7714.10,7714.10,0
20260806T,7394.20,7394.20,7394.20,7394.20,0
20260807T,7468.80,7468.80,7468.80,7468.80,0
20260808T,7192.30,7192.30,7192.30,7192.30,0
20260809T,7075.70,7075.70,7075.70,7075.70,0
20260812T,7715.00,7715.00,7715.00,7715.00,0
20260821T,7655.00,7655.00,7655.00,7655.00,0
20260822T,7190.00,7190.00,7190.00,7190.00,0
20260823T,7190.00,7190.00,7190.00,7190.00,0
20260824T,7646.40,7646.40,7646.40,7646.40,0
20260826T,7659.50,7659.50,7659.50,7659.50,0
20260827T,7178.10,7178.10,7178.10,7178.10,0
20260829T,7009.70,7009.70,7009.70,7009.70,0
20260830T,7174.80,7174.80,7174.80,7174.80,0
20260831T,7688.50,7688.50,7688.50,7688.50,0
20260902T,6950.00,6950.00,6950.00,6950.00,0
20260927T,7112.80,7112.80,7112.80,7112.80,0
20261003T,7660.70,7660.70,7660.70,7660.70,0
20261005T,7730.90,7730.90,7730.90,7730.90,0
20261006T,7734.80,7734.80,7734.80,7734.80,0
