20260727T,28290.00,28290.00,28290.00,28290.00,0
20260804T,29623.53,29623.53,29623.53,29623.53,0
20260805T,29664.73,29664.73,29664.73,29664.73,0
20260806T,29866.39,29866.39,29866.39,29866.39,0
20260807T,29837.06,29837.06,29837.06,29837.06,0
20260808T,30017.13,30017.13,30017.13,30017.13,0
20260809T,29930.00,29930.00,29930.00,29930.00,0
20260812T,30017.35,30017.35,30017.35,30017.35,0
20260821T,29315.00,29315.00,29315.00,29315.00,0
20260822T,29233.00,29233.00,29233.00,29233.00,0
20260823T,29233.00,29233.00,29233.00,29233.00,0
20260824T,29233.00,29233.00,29233.00,29233.00,0
20260826T,29356.00,29356.00,29356.00,29356.00,0
20260827T,29520.00,29520.00,29520.00,29520.00,0
20260829T,29520.00,29520.00,29520.00,29520.00,0
20260830T,29438.00,29438.00,29438.00,29438.00,0
20260831T,29520.00,29520.00,29520.00,29520.00,0
