20260727T,27880.00,27880.00,27880.00,27880.00,0
20260804T,28758.31,28758.31,28758.31,28758.31,0
20260805T,29252.72,29252.72,29252.72,29252.72,0
20260806T,29617.51,29617.51,29617.51,29617.51,0
20260807T,29631.29,29631.29,29631.29,29631.29,0
20260808T,29400.34,29400.34,29400.34,29400.34,0
20260809T,29315.00,29315.00,29315.00,29315.00,0
20260812T,29810.33,29810.33,29810.33,29810.33,0
20260821T,29110.00,29110.00,29110.00,29110.00,0
20260822T,29356.00,29356.00,29356.00,29356.00,0
20260823T,29356.00,29356.00,29356.00,29356.00,0
20260824T,28905.00,28905.00,28905.00,28905.00,0
20260826T,28700.00,28700.00,28700.00,28700.00,0
