20260727T,27930.84,27930.84,27930.84,27930.84,0
20260804T,29745.49,29745.49,29745.49,29745.49,0
20260805T,29558.43,29558.43,29558.43,29558.43,0
20260806T,29688.44,29688.44,29688.44,29688.44,0
20260807T,29742.82,29742.82,29742.82,29742.82,0
20260808T,29738.75,29738.75,29738.75,29738.75,0
20260809T,29652.43,29652.43,29652.43,29652.43,0
20260812T,29925.02,29925.02,29925.02,29925.02,0
20260821T,29284.25,29284.25,29284.25,29284.25,0
20260822T,29284.25,29284.25,29284.25,29284.25,0
20260823T,29284.25,29284.25,29284.25,29284.25,0
20260824T,28985.36,28985.36,28985.36,28985.36,0
20260826T,29510.57,29510.57,29510.57,29510.57,0
20260827T,29468.75,29468.75,29468.75,29468.75,0
20260829T,29366.25,29366.25,29366.25,29366.25,0
20260830T,29366.25,29366.25,29366.25,29366.25,0
20260831T,29384.70,29384.70,29384.70,29384.70,0
20260902T,29099.75,29099.75,29099.75,29099.75,0
20260927T,30561.40,30561.40,30561.40,30561.40,0
20261003T,30731.55,30731.55,30731.55,30731.55,0
20261005T,30998.87,30998.87,30998.87,30998.87,0
20261006T,31165.33,31165.33,31165.33,31165.33,0
20261007T,31118.18,31118.18,31118.18,31118.18,0
