20260727T,28018.58,28018.58,28018.58,28018.58,0
20260804T,29294.34,29294.34,29294.34,29294.34,0
20260805T,29331.83,29331.83,29331.83,29331.83,0
20260806T,29489.33,29489.33,29489.33,29489.33,0
20260807T,28026.26,28026.26,28026.26,28026.26,0
20260808T,26878.49,26878.49,26878.49,26878.49,0
20260809T,26782.43,26782.43,26782.43,26782.43,0
20260812T,29837.25,29837.25,29837.25,29837.25,0
20260821T,28535.18,28535.18,28535.18,28535.18,0
20260822T,29194.87,29194.87,29194.87,29194.87,0
20260823T,29194.87,29194.87,29194.87,29194.87,0
20260824T,29021.44,29021.44,29021.44,29021.44,0
20260826T,29073.10,29073.10,29073.10,29073.10,0
20260827T,29267.85,29267.85,29267.85,29267.85,0
20260829T,27393.33,27393.33,27393.33,27393.33,0
20260830T,26967.75,26967.75,26967.75,26967.75,0
20260831T,29381.83,29381.83,29381.83,29381.83,0
20260902T,26445.00,26445.00,26445.00,26445.00,0
20260927T,28027.60,28027.60,28027.60,28027.60,0
20261003T,30440.04,30440.04,30440.04,30440.04,0
